Workbook

Sheet Anleitung
B2: Wartungs- und Befüllungsplaner
B4: Der Überblick über deine Automaten — wer ist dran, was läuft, was bleibt liegen.
B6: Mit einem Automaten hat man alles im Kopf. Ab dem dritten nicht mehr. Diese Datei hält fest, wann welcher Automat gewartet werden muss, welcher Artikel an welchem Standort läuft und was am Ende wirklich in der Kasse ankommt.
B8: DIE VIER BLÄTTER
B10: • „Automaten“ — deine Geräte mit Standort, Wartungsintervall und Fälligkeit. Einmal anlegen, dann nur noch das Wartungsdatum aktualisieren.
B11: • „Befüllprotokoll“ — jede Befüllung eine Zeile. Datum, Automat, Artikel, Stückzahl.
B12: • „Kassenabrechnung“ — was du bei jeder Leerung entnommen hast, gegen den Wareneinsatz.
B13: • „Auswertung“ — rechnet aus, welcher Artikel wo läuft und welcher totes Kapital ist.
B15: SO FÄNGST DU AN
B17: 1. Blatt „Automaten“ — trag deine Geräte ein. Die Automaten-Nummer vergibst du selbst, z. B. A1, A2, A3. Sie verbindet alle anderen Blätter.
B18: 2. Nach jeder Tour: im Befüllprotokoll eine Zeile je Artikel, den du nachgefüllt hast.
B19: 3. Bei jeder Leerung: eine Zeile in der Kassenabrechnung.
... B38: Arbeitshilfe, keine Rechts- oder Steuerberatung. Stand: August 2026.

Sheet Automaten
B2: Deine Automaten
B3: Einmal anlegen. Nach jeder Wartung nur das Datum in Spalte G aktualisieren.
B5: Nr. | C5: Standort | D5: Modell | E5: Schächte | F5: Aufgestellt am | G5: Wartung alle (Monate) | H5: Letzte Wartung | I5: Nächste Wartung (Richtwert) | J5: Tage bis fällig | K5: Status
B6: A1 | C6: Firma Müller, Halle 2 | D6: Sielaff SM 6 | E6: 42 | F6: 46082 | G6: 6 | H6: 46082 | I6: =IF(OR(H6="",G6=""),"",H6+G6*30) | J6: =IF(I6="","",I6-TODAY()) | K6: =IF(J6="","",IF(J6<0,"überfällig",IF(J6<14,"bald fällig","in Ordnung")))
B7: A2 | C7: Waschsalon Bahnhofstr. | D7: Vendo V21 | E7: 30 | F7: 46127 | G7: 6 | H7: 46127 | I7: =IF(OR(H7="",G7=""),"",H7+G7*30) | J7: =IF(I7="","",I7-TODAY()) | K7: =IF(J7="","",IF(J7<0,"überfällig",IF(J7<14,"bald fällig","in Ordnung")))
B8: A3 | C8: Autohaus Weber, Wartebereich | D8: Sielaff FS 3 | E8: 36 | F8: 46175 | G8: 12 | H8: 46175 | I8: =IF(OR(H8="",G8=""),"",H8+G8*30) | J8: =IF(I8="","",I8-TODAY()) | K8: =IF(J8="","",IF(J8<0,"überfällig",IF(J8<14,"bald fällig","in Ordnung")))
I9: =IF(OR(H9="",G9=""),"",H9+G9*30) | J9: =IF(I9="","",I9-TODAY()) | K9: =IF(J9="","",IF(J9<0,"überfällig",IF(J9<14,"bald fällig","in Ordnung")))
I10: =IF(OR(H10="",G10=""),"",H10+G10*30) | J10: =IF(I10="","",I10-TODAY()) | K10: =IF(J10="","",IF(J10<0,"überfällig",IF(J10<14,"bald fällig","in Ordnung")))
I11: =IF(OR(H11="",G11=""),"",H11+G11*30) | J11: =IF(I11="","",I11-TODAY()) | K11: =IF(J11="","",IF(J11<0,"überfällig",IF(J11<14,"bald fällig","in Ordnung")))
I12: =IF(OR(H12="",G12=""),"",H12+G12*30) | J12: =IF(I12="","",I12-TODAY()) | K12: =IF(J12="","",IF(J12<0,"überfällig",IF(J12<14,"bald fällig","in Ordnung")))
I13: =IF(OR(H13="",G13=""),"",H13+G13*30) | J13: =IF(I13="","",I13-TODAY()) | K13: =IF(J13="","",IF(J13<0,"überfällig",IF(J13<14,"bald fällig","in Ordnung")))
I14: =IF(OR(H14="",G14=""),"",H14+G14*30) | J14: =IF(I14="","",I14-TODAY()) | K14: =IF(J14="","",IF(J14<0,"überfällig",IF(J14<14,"bald fällig","in Ordnung")))
I15: =IF(OR(H15="",G15=""),"",H15+G15*30) | J15: =IF(I15="","",I15-TODAY()) | K15: =IF(J15="","",IF(J15<0,"überfällig",IF(J15<14,"bald fällig","in Ordnung")))
I16: =IF(OR(H16="",G16=""),"",H16+G16*30) | J16: =IF(I16="","",I16-TODAY()) | K16: =IF(J16="","",IF(J16<0,"überfällig",IF(J16<14,"bald fällig","in Ordnung")))
I17: =IF(OR(H17="",G17=""),"",H17+G17*30) | J17: =IF(I17="","",I17-TODAY()) | K17: =IF(J17="","",IF(J17<0,"überfällig",IF(J17<14,"bald fällig","in Ordnung")))
I18: =IF(OR(H18="",G18=""),"",H18+G18*30) | J18: =IF(I18="","",I18-TODAY()) | K18: =IF(J18="","",IF(J18<0,"überfällig",IF(J18<14,"bald fällig","in Ordnung")))
I19: =IF(OR(H19="",G19=""),"",H19+G19*30) | J19: =IF(I19="","",I19-TODAY()) | K19: =IF(J19="","",IF(J19<0,"überfällig",IF(J19<14,"bald fällig","in Ordnung")))
I20: =IF(OR(H20="",G20=""),"",H20+G20*30) | J20: =IF(I20="","",I20-TODAY()) | K20: =IF(J20="","",IF(J20<0,"überfällig",IF(J20<14,"bald fällig","in Ordnung")))
... I35: =IF(OR(H35="",G35=""),"",H35+G35*30) | J35: =IF(I35="","",I35-TODAY()) | K35: =IF(J35="","",IF(J35<0,"überfällig",IF(J35<14,"bald fällig","in Ordnung")))
B37: Trag die Daten als echtes Datum ein (01.03.2026), nicht als Text — die Datei rechnet damit die Fälligkeit aus. Erscheint statt des Datums eine Zahl wie 46082, ist die Zelle nur falsch formatiert; stell sie auf Datum um.

Sheet Befüllprotokoll
B2: Befüllprotokoll
B3: Nach jeder Tour eine Zeile je nachgefülltem Artikel. Das ist die Grundlage der Auswertung — ohne diese Zeilen weiß niemand, was wirklich läuft.
B5: Datum | C5: Automat | D5: Artikel | E5: nachgefüllt (Stück) | F5: Restbestand vorher | G5: verkauft seit letztem Mal | H5: Einkaufspreis je Stück | I5: Wareneinsatz | J5: Bemerkung
B6: 46239 | C6: A1 | D6: Schokoriegel 50 g | E6: 24 | F6: 6 | G6: =IF(E6="","",E6) | H6: 0.42 | I6: =IF(OR(E6="",H6=""),"",E6*H6) | J6: läuft gut
B7: 46239 | C7: A1 | D7: Chips 40 g | E7: 18 | F7: 12 | G7: =IF(E7="","",E7) | H7: 0.38 | I7: =IF(OR(E7="",H7=""),"",E7*H7)
B8: 46239 | C8: A1 | D8: Wasser 0,5 l | E8: 20 | F8: 4 | G8: =IF(E8="","",E8) | H8: 0.28 | I8: =IF(OR(E8="",H8=""),"",E8*H8)
B9: 46239 | C9: A2 | D9: Softdrink 0,5 l | E9: 24 | F9: 2 | G9: =IF(E9="","",E9) | H9: 0.55 | I9: =IF(OR(E9="",H9=""),"",E9*H9) | J9: war fast leer
G10: =IF(E10="","",E10) | I10: =IF(OR(E10="",H10=""),"",E10*H10)
G11: =IF(E11="","",E11) | I11: =IF(OR(E11="",H11=""),"",E11*H11)
G12: =IF(E12="","",E12) | I12: =IF(OR(E12="",H12=""),"",E12*H12)
G13: =IF(E13="","",E13) | I13: =IF(OR(E13="",H13=""),"",E13*H13)
G14: =IF(E14="","",E14) | I14: =IF(OR(E14="",H14=""),"",E14*H14)
G15: =IF(E15="","",E15) | I15: =IF(OR(E15="",H15=""),"",E15*H15)
G16: =IF(E16="","",E16) | I16: =IF(OR(E16="",H16=""),"",E16*H16)
G17: =IF(E17="","",E17) | I17: =IF(OR(E17="",H17=""),"",E17*H17)
G18: =IF(E18="","",E18) | I18: =IF(OR(E18="",H18=""),"",E18*H18)
G19: =IF(E19="","",E19) | I19: =IF(OR(E19="",H19=""),"",E19*H19)
G20: =IF(E20="","",E20) | I20: =IF(OR(E20="",H20=""),"",E20*H20)
G21: =IF(E21="","",E21) | I21: =IF(OR(E21="",H21=""),"",E21*H21)
... G305: =IF(E305="","",E305) | I305: =IF(OR(E305="",H305=""),"",E305*H305)
B307: Zur Spalte „verkauft seit letztem Mal“: Wer einen Schacht wieder auffüllt, füllt genau die Menge nach, die verkauft wurde. Deshalb entspricht die Nachfüllmenge dem Absatz — vorausgesetzt, du füllst immer bis voll auf.
B308: Ware, die du wegen Ablaufs entnimmst, gehört NICHT in diese Spalte. Trag sie als eigene Zeile mit dem Vermerk „Verderb“ in der Bemerkung ein, sonst erscheint ein Ladenhüter als Verkaufsschlager.

Sheet Kassenabrechnung
B2: Kassenabrechnung
B3: Eine Zeile je Leerung. Zeigt, ob das, was in der Kasse liegt, zu dem passt, was aus dem Automaten heraus ist.
B5: Datum | C5: Automat | D5: entnommen (€) | E5: Wechselgeld aufgefüllt (€) | F5: Einnahme netto Kasse | G5: Wareneinsatz laut Protokoll | H5: Rohertrag | I5: Bemerkung
B6: 46239 | C6: A1 | D6: 168.5 | E6: 20 | F6: =IF(D6="","",D6-E6) | G6: =IF(D6="","",SUMIFS(Befüllprotokoll!$I$6:$I$305,Befüllprotokoll!$B$6:$B$305,$B6,Befüllprotokoll!$C$6:$C$305,$C6)) | H6: =IF(D6="","",F6-G6) | I6: Zählwerk 1.842
B7: 46239 | C7: A2 | D7: 94 | E7: 10 | F7: =IF(D7="","",D7-E7) | G7: =IF(D7="","",SUMIFS(Befüllprotokoll!$I$6:$I$305,Befüllprotokoll!$B$6:$B$305,$B7,Befüllprotokoll!$C$6:$C$305,$C7)) | H7: =IF(D7="","",F7-G7)
F8: =IF(D8="","",D8-E8) | G8: =IF(D8="","",SUMIFS(Befüllprotokoll!$I$6:$I$305,Befüllprotokoll!$B$6:$B$305,$B8,Befüllprotokoll!$C$6:$C$305,$C8)) | H8: =IF(D8="","",F8-G8)
F9: =IF(D9="","",D9-E9) | G9: =IF(D9="","",SUMIFS(Befüllprotokoll!$I$6:$I$305,Befüllprotokoll!$B$6:$B$305,$B9,Befüllprotokoll!$C$6:$C$305,$C9)) | H9: =IF(D9="","",F9-G9)
F10: =IF(D10="","",D10-E10) | G10: =IF(D10="","",SUMIFS(Befüllprotokoll!$I$6:$I$305,Befüllprotokoll!$B$6:$B$305,$B10,Befüllprotokoll!$C$6:$C$305,$C10)) | H10: =IF(D10="","",F10-G10)
F11: =IF(D11="","",D11-E11) | G11: =IF(D11="","",SUMIFS(Befüllprotokoll!$I$6:$I$305,Befüllprotokoll!$B$6:$B$305,$B11,Befüllprotokoll!$C$6:$C$305,$C11)) | H11: =IF(D11="","",F11-G11)
F12: =IF(D12="","",D12-E12) | G12: =IF(D12="","",SUMIFS(Befüllprotokoll!$I$6:$I$305,Befüllprotokoll!$B$6:$B$305,$B12,Befüllprotokoll!$C$6:$C$305,$C12)) | H12: =IF(D12="","",F12-G12)
F13: =IF(D13="","",D13-E13) | G13: =IF(D13="","",SUMIFS(Befüllprotokoll!$I$6:$I$305,Befüllprotokoll!$B$6:$B$305,$B13,Befüllprotokoll!$C$6:$C$305,$C13)) | H13: =IF(D13="","",F13-G13)
F14: =IF(D14="","",D14-E14) | G14: =IF(D14="","",SUMIFS(Befüllprotokoll!$I$6:$I$305,Befüllprotokoll!$B$6:$B$305,$B14,Befüllprotokoll!$C$6:$C$305,$C14)) | H14: =IF(D14="","",F14-G14)
F15: =IF(D15="","",D15-E15) | G15: =IF(D15="","",SUMIFS(Befüllprotokoll!$I$6:$I$305,Befüllprotokoll!$B$6:$B$305,$B15,Befüllprotokoll!$C$6:$C$305,$C15)) | H15: =IF(D15="","",F15-G15)
F16: =IF(D16="","",D16-E16) | G16: =IF(D16="","",SUMIFS(Befüllprotokoll!$I$6:$I$305,Befüllprotokoll!$B$6:$B$305,$B16,Befüllprotokoll!$C$6:$C$305,$C16)) | H16: =IF(D16="","",F16-G16)
F17: =IF(D17="","",D17-E17) | G17: =IF(D17="","",SUMIFS(Befüllprotokoll!$I$6:$I$305,Befüllprotokoll!$B$6:$B$305,$B17,Befüllprotokoll!$C$6:$C$305,$C17)) | H17: =IF(D17="","",F17-G17)
F18: =IF(D18="","",D18-E18) | G18: =IF(D18="","",SUMIFS(Befüllprotokoll!$I$6:$I$305,Befüllprotokoll!$B$6:$B$305,$B18,Befüllprotokoll!$C$6:$C$305,$C18)) | H18: =IF(D18="","",F18-G18)
F19: =IF(D19="","",D19-E19) | G19: =IF(D19="","",SUMIFS(Befüllprotokoll!$I$6:$I$305,Befüllprotokoll!$B$6:$B$305,$B19,Befüllprotokoll!$C$6:$C$305,$C19)) | H19: =IF(D19="","",F19-G19)
... F155: =IF(D155="","",D155-E155) | G155: =IF(D155="","",SUMIFS(Befüllprotokoll!$I$6:$I$305,Befüllprotokoll!$B$6:$B$305,$B155,Befüllprotokoll!$C$6:$C$305,$C155)) | H155: =IF(D155="","",F155-G155)
B157: Summe Rohertrag | H157: =SUM(H6:H155)
B158: Summe Einnahmen | F158: =SUM(F6:F155)

Sheet Auswertung
B2: Auswertung
B3: Welcher Artikel läuft an welchem Standort — und welcher bindet nur Kapital?
B5: Ladenhüter-Grenze (Stück im ganzen Zeitraum) | C5: 10 | D5: Alles darunter wird als Ladenhüter markiert. Setz die Grenze so, wie es zu deinem Zeitraum passt.
B7: Artikel | C7: Automat (leer = alle) | D7: Stück verkauft | E7: Wareneinsatz | F7: Bewertung
B8: Schokoriegel 50 g | D8: =IF(B8="","",SUMIFS(Befüllprotokoll!$G$6:$G$305,Befüllprotokoll!$D$6:$D$305,$B8,Befüllprotokoll!$C$6:$C$305,IF($C8="","<>",$C8))) | E8: =IF(B8="","",SUMIFS(Befüllprotokoll!$I$6:$I$305,Befüllprotokoll!$D$6:$D$305,$B8,Befüllprotokoll!$C$6:$C$305,IF($C8="","<>",$C8))) | F8: =IF(B8="","",IF(D8<$C$5,"Ladenhüter — austauschen",IF(D8<$C$5*2,"läuft mäßig","läuft gut")))
B9: Chips 40 g | D9: =IF(B9="","",SUMIFS(Befüllprotokoll!$G$6:$G$305,Befüllprotokoll!$D$6:$D$305,$B9,Befüllprotokoll!$C$6:$C$305,IF($C9="","<>",$C9))) | E9: =IF(B9="","",SUMIFS(Befüllprotokoll!$I$6:$I$305,Befüllprotokoll!$D$6:$D$305,$B9,Befüllprotokoll!$C$6:$C$305,IF($C9="","<>",$C9))) | F9: =IF(B9="","",IF(D9<$C$5,"Ladenhüter — austauschen",IF(D9<$C$5*2,"läuft mäßig","läuft gut")))
B10: Wasser 0,5 l | D10: =IF(B10="","",SUMIFS(Befüllprotokoll!$G$6:$G$305,Befüllprotokoll!$D$6:$D$305,$B10,Befüllprotokoll!$C$6:$C$305,IF($C10="","<>",$C10))) | E10: =IF(B10="","",SUMIFS(Befüllprotokoll!$I$6:$I$305,Befüllprotokoll!$D$6:$D$305,$B10,Befüllprotokoll!$C$6:$C$305,IF($C10="","<>",$C10))) | F10: =IF(B10="","",IF(D10<$C$5,"Ladenhüter — austauschen",IF(D10<$C$5*2,"läuft mäßig","läuft gut")))
B11: Softdrink 0,5 l | D11: =IF(B11="","",SUMIFS(Befüllprotokoll!$G$6:$G$305,Befüllprotokoll!$D$6:$D$305,$B11,Befüllprotokoll!$C$6:$C$305,IF($C11="","<>",$C11))) | E11: =IF(B11="","",SUMIFS(Befüllprotokoll!$I$6:$I$305,Befüllprotokoll!$D$6:$D$305,$B11,Befüllprotokoll!$C$6:$C$305,IF($C11="","<>",$C11))) | F11: =IF(B11="","",IF(D11<$C$5,"Ladenhüter — austauschen",IF(D11<$C$5*2,"läuft mäßig","läuft gut")))
D12: =IF(B12="","",SUMIFS(Befüllprotokoll!$G$6:$G$305,Befüllprotokoll!$D$6:$D$305,$B12,Befüllprotokoll!$C$6:$C$305,IF($C12="","<>",$C12))) | E12: =IF(B12="","",SUMIFS(Befüllprotokoll!$I$6:$I$305,Befüllprotokoll!$D$6:$D$305,$B12,Befüllprotokoll!$C$6:$C$305,IF($C12="","<>",$C12))) | F12: =IF(B12="","",IF(D12<$C$5,"Ladenhüter — austauschen",IF(D12<$C$5*2,"läuft mäßig","läuft gut")))
D13: =IF(B13="","",SUMIFS(Befüllprotokoll!$G$6:$G$305,Befüllprotokoll!$D$6:$D$305,$B13,Befüllprotokoll!$C$6:$C$305,IF($C13="","<>",$C13))) | E13: =IF(B13="","",SUMIFS(Befüllprotokoll!$I$6:$I$305,Befüllprotokoll!$D$6:$D$305,$B13,Befüllprotokoll!$C$6:$C$305,IF($C13="","<>",$C13))) | F13: =IF(B13="","",IF(D13<$C$5,"Ladenhüter — austauschen",IF(D13<$C$5*2,"läuft mäßig","läuft gut")))
D14: =IF(B14="","",SUMIFS(Befüllprotokoll!$G$6:$G$305,Befüllprotokoll!$D$6:$D$305,$B14,Befüllprotokoll!$C$6:$C$305,IF($C14="","<>",$C14))) | E14: =IF(B14="","",SUMIFS(Befüllprotokoll!$I$6:$I$305,Befüllprotokoll!$D$6:$D$305,$B14,Befüllprotokoll!$C$6:$C$305,IF($C14="","<>",$C14))) | F14: =IF(B14="","",IF(D14<$C$5,"Ladenhüter — austauschen",IF(D14<$C$5*2,"läuft mäßig","läuft gut")))
D15: =IF(B15="","",SUMIFS(Befüllprotokoll!$G$6:$G$305,Befüllprotokoll!$D$6:$D$305,$B15,Befüllprotokoll!$C$6:$C$305,IF($C15="","<>",$C15))) | E15: =IF(B15="","",SUMIFS(Befüllprotokoll!$I$6:$I$305,Befüllprotokoll!$D$6:$D$305,$B15,Befüllprotokoll!$C$6:$C$305,IF($C15="","<>",$C15))) | F15: =IF(B15="","",IF(D15<$C$5,"Ladenhüter — austauschen",IF(D15<$C$5*2,"läuft mäßig","läuft gut")))
D16: =IF(B16="","",SUMIFS(Befüllprotokoll!$G$6:$G$305,Befüllprotokoll!$D$6:$D$305,$B16,Befüllprotokoll!$C$6:$C$305,IF($C16="","<>",$C16))) | E16: =IF(B16="","",SUMIFS(Befüllprotokoll!$I$6:$I$305,Befüllprotokoll!$D$6:$D$305,$B16,Befüllprotokoll!$C$6:$C$305,IF($C16="","<>",$C16))) | F16: =IF(B16="","",IF(D16<$C$5,"Ladenhüter — austauschen",IF(D16<$C$5*2,"läuft mäßig","läuft gut")))
D17: =IF(B17="","",SUMIFS(Befüllprotokoll!$G$6:$G$305,Befüllprotokoll!$D$6:$D$305,$B17,Befüllprotokoll!$C$6:$C$305,IF($C17="","<>",$C17))) | E17: =IF(B17="","",SUMIFS(Befüllprotokoll!$I$6:$I$305,Befüllprotokoll!$D$6:$D$305,$B17,Befüllprotokoll!$C$6:$C$305,IF($C17="","<>",$C17))) | F17: =IF(B17="","",IF(D17<$C$5,"Ladenhüter — austauschen",IF(D17<$C$5*2,"läuft mäßig","läuft gut")))
D18: =IF(B18="","",SUMIFS(Befüllprotokoll!$G$6:$G$305,Befüllprotokoll!$D$6:$D$305,$B18,Befüllprotokoll!$C$6:$C$305,IF($C18="","<>",$C18))) | E18: =IF(B18="","",SUMIFS(Befüllprotokoll!$I$6:$I$305,Befüllprotokoll!$D$6:$D$305,$B18,Befüllprotokoll!$C$6:$C$305,IF($C18="","<>",$C18))) | F18: =IF(B18="","",IF(D18<$C$5,"Ladenhüter — austauschen",IF(D18<$C$5*2,"läuft mäßig","läuft gut")))
D19: =IF(B19="","",SUMIFS(Befüllprotokoll!$G$6:$G$305,Befüllprotokoll!$D$6:$D$305,$B19,Befüllprotokoll!$C$6:$C$305,IF($C19="","<>",$C19))) | E19: =IF(B19="","",SUMIFS(Befüllprotokoll!$I$6:$I$305,Befüllprotokoll!$D$6:$D$305,$B19,Befüllprotokoll!$C$6:$C$305,IF($C19="","<>",$C19))) | F19: =IF(B19="","",IF(D19<$C$5,"Ladenhüter — austauschen",IF(D19<$C$5*2,"läuft mäßig","läuft gut")))
D20: =IF(B20="","",SUMIFS(Befüllprotokoll!$G$6:$G$305,Befüllprotokoll!$D$6:$D$305,$B20,Befüllprotokoll!$C$6:$C$305,IF($C20="","<>",$C20))) | E20: =IF(B20="","",SUMIFS(Befüllprotokoll!$I$6:$I$305,Befüllprotokoll!$D$6:$D$305,$B20,Befüllprotokoll!$C$6:$C$305,IF($C20="","<>",$C20))) | F20: =IF(B20="","",IF(D20<$C$5,"Ladenhüter — austauschen",IF(D20<$C$5*2,"läuft mäßig","läuft gut")))
D21: =IF(B21="","",SUMIFS(Befüllprotokoll!$G$6:$G$305,Befüllprotokoll!$D$6:$D$305,$B21,Befüllprotokoll!$C$6:$C$305,IF($C21="","<>",$C21))) | E21: =IF(B21="","",SUMIFS(Befüllprotokoll!$I$6:$I$305,Befüllprotokoll!$D$6:$D$305,$B21,Befüllprotokoll!$C$6:$C$305,IF($C21="","<>",$C21))) | F21: =IF(B21="","",IF(D21<$C$5,"Ladenhüter — austauschen",IF(D21<$C$5*2,"läuft mäßig","läuft gut")))
D22: =IF(B22="","",SUMIFS(Befüllprotokoll!$G$6:$G$305,Befüllprotokoll!$D$6:$D$305,$B22,Befüllprotokoll!$C$6:$C$305,IF($C22="","<>",$C22))) | E22: =IF(B22="","",SUMIFS(Befüllprotokoll!$I$6:$I$305,Befüllprotokoll!$D$6:$D$305,$B22,Befüllprotokoll!$C$6:$C$305,IF($C22="","<>",$C22))) | F22: =IF(B22="","",IF(D22<$C$5,"Ladenhüter — austauschen",IF(D22<$C$5*2,"läuft mäßig","läuft gut")))
D23: =IF(B23="","",SUMIFS(Befüllprotokoll!$G$6:$G$305,Befüllprotokoll!$D$6:$D$305,$B23,Befüllprotokoll!$C$6:$C$305,IF($C23="","<>",$C23))) | E23: =IF(B23="","",SUMIFS(Befüllprotokoll!$I$6:$I$305,Befüllprotokoll!$D$6:$D$305,$B23,Befüllprotokoll!$C$6:$C$305,IF($C23="","<>",$C23))) | F23: =IF(B23="","",IF(D23<$C$5,"Ladenhüter — austauschen",IF(D23<$C$5*2,"läuft mäßig","läuft gut")))
... D37: =IF(B37="","",SUMIFS(Befüllprotokoll!$G$6:$G$305,Befüllprotokoll!$D$6:$D$305,$B37,Befüllprotokoll!$C$6:$C$305,IF($C37="","<>",$C37))) | E37: =IF(B37="","",SUMIFS(Befüllprotokoll!$I$6:$I$305,Befüllprotokoll!$D$6:$D$305,$B37,Befüllprotokoll!$C$6:$C$305,IF($C37="","<>",$C37))) | F37: =IF(B37="","",IF(D37<$C$5,"Ladenhüter — austauschen",IF(D37<$C$5*2,"läuft mäßig","läuft gut")))
B39: SO NUTZT DU DAS
B41: Lass die Spalte „Automat“ leer, um einen Artikel über alle Standorte zu sehen. Trag eine Automaten-Nummer ein, um ihn nur an diesem Standort auszuwerten. Derselbe Artikel kann an einem Standort ein Verkaufsschlager und am nächsten ein Ladenhüter sein — genau das willst du sehen.
B43: Ein Ladenhüter kostet dich doppelt: Er bindet Geld, und er belegt einen Schacht, der verdienen könnte. Tausch ihn gegen etwas aus, das am selben Standort schon läuft — oder gegen eine Variante davon.
B46: Arbeitshilfe, keine Rechts- oder Steuerberatung. Stand: August 2026.
