Workbook

Sheet Anleitung
B2: Rechnungsvorlage mit allen Pflichtangaben
B4: So gehst du vor
B5: 1. Blatt „Meine Daten“ einmalig ausfüllen — das erscheint auf jeder Rechnung.
B6: 2. Im Blatt „Rechnung“ Kunde, Nummer, Datum und Positionen eintragen.
B7: 3. Blatt „Pflichtangaben“ prüfen — dort steht, ob etwas fehlt.
B8: 4. Rechnung als PDF speichern: Datei → Drucken → als PDF sichern.
B9: 5. Im „Rechnungsbuch“ eintragen, damit die Nummern lückenlos bleiben.
B11: Warum die Pflichtangaben wichtig sind
B12: Fehlt auch nur eine Pflichtangabe nach § 14 UStG, darf dein Kunde die
B13: Rechnung nicht als Vorsteuer geltend machen. Er wird sie zurückschicken
B14: und eine Korrektur verlangen — im schlechtesten Fall zahlt er erst danach.
B15: Das Blatt „Pflichtangaben“ prüft das automatisch für dich.
... B50: Rechtsstand: August 2026. Steuerrecht ändert sich — prüfe die Angaben.

Sheet Meine Daten
B2: Meine Daten
B3: Einmalig ausfüllen. Diese Angaben erscheinen automatisch auf jeder Rechnung.
B5: Name / Firma | C5: Max Mustermann
B6: Straße und Hausnummer | C6: Musterstraße 12
B7: PLZ und Ort | C7: 78234 Engen
B8: Telefon | C8: 07733 123456
B9: E-Mail | C9: info@beispiel.de
B10: Steuernummer | C10: 12/345/67890
B11: USt-IdNr. (falls vorhanden)
B12: Kleinunternehmer § 19 UStG? | C12: JA
B13: Umsatzsteuersatz in % (falls nein) | C13: 19
B14: Bank / Institut | C14: Musterbank
B15: IBAN | C15: DE00 0000 0000 0000 0000 00
B16: BIC | C16: MUSTDEFFXXX
B17: Zahlungsziel in Tagen | C17: 14
B19: Bei „Kleinunternehmer“ genau JA oder NEIN eintragen — davon hängt ab,
B20: ob auf der Rechnung Umsatzsteuer ausgewiesen wird.

Sheet Rechnung
B2: ='Meine Daten'!C5&" · "&'Meine Daten'!C6&" · "&'Meine Daten'!C7
B4: Rechnungsempfänger
B5: Kunde GmbH
B6: Kundenstraße 5
B7: 10115 Berlin
B10: RECHNUNG
B12: Rechnungsnummer | C12: 2026-001
B13: Rechnungsdatum | C13: 2026-08-05
B14: Leistungsdatum / -zeitraum | C14: Juli 2026
B15: Kundennummer (optional) | C15: K-100
B18: Beschreibung | C18: Menge | D18: Einheit | E18: Einzelpreis | F18: Gesamt
B19: Beratungsleistung Projekt Muster | C19: 10 | D19: Std. | E19: 85 | F19: =IF(OR(C19="",E19=""),"",C19*E19)
F20: =IF(OR(C20="",E20=""),"",C20*E20)
F21: =IF(OR(C21="",E21=""),"",C21*E21)
F22: =IF(OR(C22="",E22=""),"",C22*E22)
F23: =IF(OR(C23="",E23=""),"",C23*E23)
F24: =IF(OR(C24="",E24=""),"",C24*E24)
F25: =IF(OR(C25="",E25=""),"",C25*E25)
F26: =IF(OR(C26="",E26=""),"",C26*E26)
F27: =IF(OR(C27="",E27=""),"",C27*E27)
F28: =IF(OR(C28="",E28=""),"",C28*E28)
F29: =IF(OR(C29="",E29=""),"",C29*E29)
F30: =IF(OR(C30="",E30=""),"",C30*E30)
F31: =IF(OR(C31="",E31=""),"",C31*E31)
... F33: =IF(OR(C33="",E33=""),"",C33*E33)
E35: Nettobetrag | F35: =SUM(F19:F33)
E36: =IF('Meine Daten'!C12="JA","Umsatzsteuer","zzgl. "&'Meine Daten'!C13&" % USt.") | F36: =IF('Meine Daten'!C12="JA",0,F35*'Meine Daten'!C13/100)
E37: Rechnungsbetrag | F37: =F35+F36
B39: =IF('Meine Daten'!C12="JA","Gemäß § 19 UStG wird keine Umsatzsteuer berechnet.","")
B41: ="Zahlbar innerhalb von "&'Meine Daten'!C17&" Tagen ohne Abzug auf folgendes Konto:"
B42: ='Meine Daten'!C14&" | IBAN "&'Meine Daten'!C15&" | BIC "&'Meine Daten'!C16
B44: =IF('Meine Daten'!C11<>"","USt-IdNr.: "&'Meine Daten'!C11,"Steuernummer: "&'Meine Daten'!C10)

Sheet Pflichtangaben
B2: Prüfung der Pflichtangaben nach § 14 UStG
B3: Diese Prüfung läuft automatisch. Steht überall „vollständig“, ist die Rechnung formal in Ordnung.
B5: 1. Name und Anschrift des Leistenden | C5: =IF(AND('Meine Daten'!C5<>"",'Meine Daten'!C7<>""),"vollständig","FEHLT")
B6: 2. Name und Anschrift des Empfängers | C6: =IF(AND(Rechnung!B5<>"",Rechnung!B7<>""),"vollständig","FEHLT")
B7: 3. Steuernummer oder USt-IdNr. | C7: =IF(OR('Meine Daten'!C10<>"",'Meine Daten'!C11<>""),"vollständig","FEHLT")
B8: 4. Ausstellungsdatum | C8: =IF(Rechnung!C13<>"","vollständig","FEHLT")
B9: 5. Fortlaufende Rechnungsnummer | C9: =IF(Rechnung!C12<>"","vollständig","FEHLT")
B10: 6. Menge und Art der Leistung | C10: =IF(AND(Rechnung!B19<>"",Rechnung!C19<>""),"vollständig","FEHLT")
B11: 7. Zeitpunkt der Leistung | C11: =IF(Rechnung!C14<>"","vollständig","FEHLT")
B12: 8. Entgelt (Nettobetrag) | C12: =IF(Rechnung!F35<>"","vollständig","FEHLT")
B13: 9. Steuersatz und Steuerbetrag / Befreiungshinweis | C13: =IF('Meine Daten'!C12="JA","vollständig (§ 19 Hinweis gesetzt)",IF('Meine Daten'!C13>0,"vollständig","FEHLT: Steuersatz eintragen"))
B15: Gesamtergebnis | C15: =IF(COUNTIF(C5:C13,"FEHLT*")>0,"NICHT VERSENDEN – es fehlen Angaben","Rechnung ist formal vollständig")
B18: Diese Prüfung deckt die Standardfälle ab. Bei Auslandsgeschäften,
B19: Reverse Charge oder Differenzbesteuerung gelten zusätzliche Regeln.

Sheet Rechnungsbuch
A1: Rechnungsbuch
A2: Jede geschriebene Rechnung hier eintragen — so bleiben die Nummern lückenlos.
A4: Rechnungsnr. | B4: Datum | C4: Kunde | D4: Betrag (€) | E4: Bezahlt am | F4: Status | G4: Doppelt?
A5: 2026-001 | B5: 2026-08-05 | C5: Kunde GmbH | D5: 1011.5 | F5: =IF(A5="","",IF(E5<>"","bezahlt",IF(TODAY()-B5>'Meine Daten'!$C$17,"ÜBERFÄLLIG","offen"))) | G5: =IF(A5="","",IF(COUNTIF($A$5:$A$204,A5)>1,"DOPPELT!",""))
F6: =IF(A6="","",IF(E6<>"","bezahlt",IF(TODAY()-B6>'Meine Daten'!$C$17,"ÜBERFÄLLIG","offen"))) | G6: =IF(A6="","",IF(COUNTIF($A$5:$A$204,A6)>1,"DOPPELT!",""))
F7: =IF(A7="","",IF(E7<>"","bezahlt",IF(TODAY()-B7>'Meine Daten'!$C$17,"ÜBERFÄLLIG","offen"))) | G7: =IF(A7="","",IF(COUNTIF($A$5:$A$204,A7)>1,"DOPPELT!",""))
F8: =IF(A8="","",IF(E8<>"","bezahlt",IF(TODAY()-B8>'Meine Daten'!$C$17,"ÜBERFÄLLIG","offen"))) | G8: =IF(A8="","",IF(COUNTIF($A$5:$A$204,A8)>1,"DOPPELT!",""))
F9: =IF(A9="","",IF(E9<>"","bezahlt",IF(TODAY()-B9>'Meine Daten'!$C$17,"ÜBERFÄLLIG","offen"))) | G9: =IF(A9="","",IF(COUNTIF($A$5:$A$204,A9)>1,"DOPPELT!",""))
F10: =IF(A10="","",IF(E10<>"","bezahlt",IF(TODAY()-B10>'Meine Daten'!$C$17,"ÜBERFÄLLIG","offen"))) | G10: =IF(A10="","",IF(COUNTIF($A$5:$A$204,A10)>1,"DOPPELT!",""))
F11: =IF(A11="","",IF(E11<>"","bezahlt",IF(TODAY()-B11>'Meine Daten'!$C$17,"ÜBERFÄLLIG","offen"))) | G11: =IF(A11="","",IF(COUNTIF($A$5:$A$204,A11)>1,"DOPPELT!",""))
F12: =IF(A12="","",IF(E12<>"","bezahlt",IF(TODAY()-B12>'Meine Daten'!$C$17,"ÜBERFÄLLIG","offen"))) | G12: =IF(A12="","",IF(COUNTIF($A$5:$A$204,A12)>1,"DOPPELT!",""))
F13: =IF(A13="","",IF(E13<>"","bezahlt",IF(TODAY()-B13>'Meine Daten'!$C$17,"ÜBERFÄLLIG","offen"))) | G13: =IF(A13="","",IF(COUNTIF($A$5:$A$204,A13)>1,"DOPPELT!",""))
F14: =IF(A14="","",IF(E14<>"","bezahlt",IF(TODAY()-B14>'Meine Daten'!$C$17,"ÜBERFÄLLIG","offen"))) | G14: =IF(A14="","",IF(COUNTIF($A$5:$A$204,A14)>1,"DOPPELT!",""))
F15: =IF(A15="","",IF(E15<>"","bezahlt",IF(TODAY()-B15>'Meine Daten'!$C$17,"ÜBERFÄLLIG","offen"))) | G15: =IF(A15="","",IF(COUNTIF($A$5:$A$204,A15)>1,"DOPPELT!",""))
F16: =IF(A16="","",IF(E16<>"","bezahlt",IF(TODAY()-B16>'Meine Daten'!$C$17,"ÜBERFÄLLIG","offen"))) | G16: =IF(A16="","",IF(COUNTIF($A$5:$A$204,A16)>1,"DOPPELT!",""))
F17: =IF(A17="","",IF(E17<>"","bezahlt",IF(TODAY()-B17>'Meine Daten'!$C$17,"ÜBERFÄLLIG","offen"))) | G17: =IF(A17="","",IF(COUNTIF($A$5:$A$204,A17)>1,"DOPPELT!",""))
... F204: =IF(A204="","",IF(E204<>"","bezahlt",IF(TODAY()-B204>'Meine Daten'!$C$17,"ÜBERFÄLLIG","offen"))) | G204: =IF(A204="","",IF(COUNTIF($A$5:$A$204,A204)>1,"DOPPELT!",""))
C206: Summe berechnet | D206: =SUM(D5:D204)
C207: davon noch offen | D207: =SUMIF(E5:E204,"",D5:D204)
